"Survey_ID","feelings","feedback"
1,"Sort of uncomfortable. Somewhat frustrated because it was difficult at times to determine if an image was truly terrorism or just a group of Muslim men gathering. Context would have made it a lot easier to determine.","Other than the fact that context would have made the task easier (which I suspect was the reason it was not provided in this study), it was interesting although a bit depressing."
2,"Good since I got to remove harmful content from Facebook","No"
4,"It made me feel a little bit depressed. There were many pictures depicting spousal abuse and terrorism, so it showed me a lot of evil in the world.","Thank you very much for allowing me to participate. I enjoyed the layout of the survey from a graphical standpoint. There were no glitches or bugs."
4,"MADE ME FEEL HELPLESS","NO"
2,"",""
4,"The task made me feel bad for some people in the photos but it didnt make me sad or bothered really.","I enjoyed doing this activity and it wasnt too hard to do at all"
2,"Except for the children in the pictures, I feel okay.","No except for what I already wrote above."
1,"Kind of disturbed and sad and angry","None"
2,"SAD","NO"
4,"It made me feel bad","When choosing the tags, do not randomize the tag order as it makes it harder to find certain tags"
4,"It made me feel a bit scared that there is a lot of violence around the world. ","Please include me in any future studies. "
4,"Sad and disheartened and sometimes grossed out. ","No but I personally like when you can see how close you are to the end, with a little progress bar. "
2,"I wont lie there were a few pictures that made me feel awful.","I feel that its important not to censor too much, but are things that dont really need to be shown, such as staged domestic violence, or almost anything including children. "
1,"after completing the task I feel in a bad mood, a little nauseous","No"
1,"Powerful and conflicted","not at this time"
2,"Conflicted.","Thanks for allowing me to participate! "
1,"A bit unnerved, but not too bad.","Thank you for this opportunity."
2,"Mad that people actually take these pictures.","None"
1,"Interested.","No"
1,"Felt bad for those who go through abuse","None."
3,"A little uneasy since some of the pictures could've been construed in different ways.","None that I can think of at this time."
4,"That I am safe and sound in my home with a loving husband","None"
3,"A little uneasy because of the images.","No."
2,"I was curious about if most people actually found these images offensive","no"
3,"",""
2,"It was tiring because so many of the images were out of context. People merely holding guns doesn't necessarily deserve a flag from just the image itself","No"
4,"It made me feel a little anxious and unpleasant.","No"
3,"Certainly sad and pessimistic.","None"
3,"A little crummy, but the images were not nearly as bad as I expected.","It would be helpful to have a training with examples of which types of images go with each tag"
2,"",""
1,"It made me feel sad seeing a lot of these types of pictures that were depicted.","No."
3,"fine, no issues","none"
4,"I felt OK during the task.  Some images are troubling but overall I was not especially disturbed or emotional during the task.","I would say allow a bit more time to rate an image since some of them require closer inspection."
2,"I made me feel really reflective of the world sound me.","No"
3,"A bit sad.","I felt like I erred on the side of categorizing over don't remove, not knowing how strong the images needed to be to remove."
4,"normal","no"
3,"Didn't feel too long, but felt repetitive,","No"
3,"I felt disturbed and uncomfortable.","I think that a lot of the images fell into the ""Abuse"" category, whether it was child abuse, domestic abuse, or family abuse. I also wasn't sure what the difference was between Crime and Illegal."
1,"sad","no"
2,"Disgusted and troubled.  I hate to see people getting hurt and I always want to know why someone would do that.  I want to help the victims and the people doing the hurt, because they usually have a history of being victims themselves.  But, classifying images doesn't give that desire an outlet.","This was a hard task, because it's hard to tell the line between, say, elder bullying, and elder abuse.  A lot of images could have been torture, violence, gore, or something else, so I tried to figure out the defining characteristic."
3,"It made me consider my perceptions of censorship and how different circumstances evoked different responses in me. ","The instructions were a bit vague, I felt like I was going to be in trouble for how many I didn't think were worthy of removal so perhaps clarifying a bit more whether or not it is okay to not find the images worthy of removal would help workers be more confident in submitting their genuine responses. "
1,"SadI ","No "
3,"It made my think about each situation in every photo","yes some of the photos were are hard call to remove or not . Because some for example like a domestic violence photo might be on facebook to bring awareness so some of those I didn't find it necessary to remove "
3,"Mostly concerned I didn't have enough information to do an adequate job.","I think I did upthread -- more context is needed."
1,"was a little upsetting but okay.","no"
4,"I was OK with this task. Some of the scenes of actual torture wee a bit off putting but it's nothing i haven't seen before on the news, etc. Most of the pics looked like domestic violence, cautionary ads.","No, thank you!"
1,"It was fine. Nothing was too bad.","It was fine. Didn't really need the timer."
4,"This task made me feel as if I was being highly proactive in helping a large social media platform cleanup some picture violations that would disturb some people when they see it unexpectedly.","Thanks for allowing me to participate =). Hope to do more similar things in the future!"
4,"A little uneasy","Maybe another study with positive pictures"
3,"I was pretty bored because it took so long but seeing all the abusive pics made me feel a little squirmy.","Yes, the pictures took forever to load, and there was no way of knowing how many I'd already done, can you please have a progress bar or the number of completed photos on the top right or something? I mean if you do one like this again."
3,"",""
4,"The task did bring down my spirits after seeing so many photos of despicable acts against other human beings.","Thank you for the HIT!"
4,"Most of these pictures were graphic and stood out in my mind. The mainly portrayed abuse and hatred.","Thank you this was a very interesting study."
3,"I realized as I continued on this task that very few photographs needed to be removed. Many of them are important topics such as abuse, violence, and while they may be hard to look at - It is important that we do face them. Not every unpleasant image is worth being a violation and removed or we risk living in a bubble.","In the end, I found most of the imagery to not be worth removing. It took me a little while to realize I was jumping to conclusions but once I got the hang of it - I realized most of these are necessary to be spoken about and seen. If I could go back to the start of the experiment, I would remove some of my tags because I was jumping to conclusions thinking something was outright abuse when it was just an implication which is very different. Good luck with your research."
1,"Some of the pictures are disturbing but it feels good know I may contribute to them being removed.","I thought I was rating 150 pictures."
1,"Indifferent","No"
1,"Good it felt like maybe with tasks like this there could be a change.","I enjoyed this task and i hope that more come in the future"
3,"Some of the images are stock pictures so they are not too offensive but some seem to be real and are difficult and upsetting to look at. ","It was a somewhat difficult task to do because you have to make your decision in seconds and you also can't tag everything you see as offensive because free speech is important. The stock pictures are the least offensive images."
1,"It made me feel good to help keep Facebook a family friendly website.","No"
4,"I felt that I was doing a service by doing this task.","No"
3,"Sad","No"
1,"Sad.","Add a counter."
3,"I felt uncomfortable viewing all of the torture images.  ","some of the images were very difficult to view.  "
4,"I felt uneasy with some of the images I saw, but I felt good about getting images flagged for removal that should be removed.","It was an interesting experience and I would be interested in it again if there is the opportunity. "
1,"This task had some tough images to look at , so it did shock me a bit to view the photos.","I hope you find my input to be valuable. Thank you so much,"
3,"Like it would never end. Please consider adding a progress bar. For a moment I thought I was scammed and stuck in an endless cycle.","As I said above, a progress bar would really help with motivation. Sometimes I had difficulty selecting which tag was most appropriate because multiple were accurate."
1,"Repetitive but alright","None. Thank you for the opportunity. "
2,"Made me feel thankful that I live in the West.","I tried to avoid flagging the more mild stock photos, such as the ones that were more allusions to a violent act rather than depicting a violent act themselves."
2,"good","good"
3,"I became bored by the end ","Maybe cut the time down to 10-20 mins. "
2,"A bit nauseous.","Nothing in particular comes to mind."
1,"Thought about what goes into tagging certain images and deciding whether to allow them to be seen on a social media site.","N/A"
4,"I felt slightly inadequate. It was difficult to tell if some of the pictures were stock photos or actual events. Some other images were hard to classify out of context.","I mentioned the lack of context earlier, and it can make some pictures difficult to decide on."
2,"Made me feel like I was seeing what is going on in the world.","None"
3,"I felt disturbed with the images but I know enough self care that it won't have a long term effect on me. ","No thank you"
2,"Helpful, and disgusted at times","I would like to do more in the future"
2,"sad that some of these images are out there on the internet, but glad that I possibly contributed to a filter to get rid of the images.","everything went smoothly and I had no problems. Thank you for an opportunity to do a task like this."
3,"The images were a bit unpleasant but still manageable.","I would like to complete a task like this again."
2,"",""
4,"Very aware of the things that go on in the world.","None"
2,"sad tag times about the abuse and terrorism","Sometimes some violence should be shown, like the policeman tear-gassing students. It should be known that he was abusing his power. "
1,"somewhat uncomfortable","no"
4,"the pics made me disgusted however, i was able to choose the tags that i think best represents the images it self","none"
3,"",""
3,"The task made me feel a little bit negative as I was going through because many of the images were upsetting.","Everything worked correctly other than a few of the images were quite slow to load, taking over 30 seconds if a few cases."
3,"No feelings really stick out","I do not."
4,"I really did not have any certain feelings when doing this task. Some of the pics were unpleasant, but I was forwarned of that.","I would like to be able to rate more, if possible."
1,"I felt sad after seeing the images.","nothing"
1,"I felt disturbed by this task. Most of the images were disturbing.","No, thank you."
4,"alarming","none"
2,"Unpleasant, sad, angry","It would have been nice to have a progress bad so I could see how much was left."
3,"",""
3,"Numb, a little. ","Maybe a bit more training as to what degree something has to be before it should be flagged"
1,"It made me feel useful, critical and also confused by some of the militia photos. I didn't know who the militia were, terrorist or simple legal military. A few photos were sad. ","I like the idea of adding a few more labels to choose from. "
3,"It had no impact on my emotion although some images could be seen as unsettling.","Some of the images seemed to be against domestic abuse so I was unsure if I should label them as abuse or not. Also, I accepted this task through the email and not through Mturk so I am slightly worried about getting paid for this task."
1,"Moderately sad, depending on the abusive images, otherwise objective.","Everything was clear and concise thanks"
3,"More aware of what is going on in this world. ","No"
2,"Slightly uncomfortable, and a bit incompetent at recognizing what I'm actually seeing.","The task seemed a bit long, but that could just be the subject matter."
3,"Scared a bit at what humanity is capable of but not really surprised.","No"
4,"",""
4,"",""
4,"",""
3,"This task made me feel queasy and uneasy. ","No. "
3,"Disgusted.","No."
4,"",""
4,"",""
4,"It made me realize how much bad stuff is out there on facebook. So if its all on facebook, it's all over the web which is scarier.","I did enjoy this."
4,"FIne","None"
3,"it made me wonder of all the violence in the world ","loved this "
4,"It made me feel like I wanted more information. I think pictures alone, without additional context can be interpreted in many ways. A picture that may be seen as negative on its own may be useful if it is paired with an article that is factual or positive.","No."
2,"I didn't feel anything.","Personally, I have a hard time discriminating between images one would see attached to a news story and ones that Facebook would consider ban-worthy. As the criteria was what Facebook would probably ban, I assumed the majority of pix would get banned. My personal viewpoint is I would have allowed every single picture to stay up. Also, I would ditch the 30 second timer. Sometimes people want to get up and stretch, get a drink, or go to the bathroom."
4,"Fine glad I could help."," I enjoyed the survey thank you."
3,"",""
3,"It opened my eyes a lot more of the realities in our world today, I made me sad.","none"
4,"Upset, but more aware--paying more attention to human issues. ","I was very unsure with some of these, but I tried to go with my gut feeling. I hope that I completed the task correctly. "
3,"IT WAS DIFFICULT AND MADE ME SAD FOR THE WAY PEOPLE TREAT OTHERS","NONE OTHER THAN WHAT I WROTE ABOVE"
1,"Somewhat disturbed.","I feel like context would provide a lot for if some of them should be removed or not. Suggestive domestic abuse photo in a post spreading awareness as well as giving support for victims? Good. Angry person posting who might potentially commit abuse? Very bad."
2,"sad and concerned","I enjoyed doing the task"
4,"",""
2,"Confused","No"
3,"Uncomfortable, bad, disturbed","Some pictures had different descriptions to select a ""correct"" reason. I was unsure if this was supposed to indicate there was a correct response. That seems subjective, like if something were Abuse, Crime, Illegal, etc. And further, I thought the instructions made things sound like there were judgment calls so I was really unsure if I was supposed to be using my personal judgment or following some guidelines and protocol that I was never given. For example, a woman with a black eye - is that abuse, violence, a crime, or totally okay because it's a stock photograph? Or is that protest a peaceful protest that shouldn't be censored, or should it be flagged as violent, or terrorism, etc?"
2,"Disturbed","I would like a little more direction at the beginning.  For example, a definition of each tag available, so I can determine if a photo meets the criteria.  Terrorism, for example, can look many different ways."
4,"It made me feel bad, depressed and uncomfortable.","I wasn't sure how to tag a few photos and thinking back I'd probably chose a different tag."
4,"I was bothered by some of the more violent images.","no"
3,"sad and dangerous","no"
1,"Made me kind of feel sad.","No, good survey/HIT."
2,"Sort of depressed.  And annoyed.  The location of the tags kept changing. ","I'm sure it was intentional, but why was the location of the tags from the drop down menu randomized.  Also, it would be good to see how many more pictures we have left to moderate. "
2,"It made me feel a bit uncomfortable at times viewing the images. Otherwise, it was a bit boring.","I wish there had been specific guidelines of what counts as a violation. I just went by what I think Facebook rules are."
1,"Fine. It was perfectly normal.","No."
2,"Slightly uncomfortable at times. ","No, thank you. "
3,"The main feeling I had was a sense of responsibility.  Removing a picture/post is something that should not be taken lightly.  There needs to be a good reason and one should be able to cite the boundary that was violated.  The person who posted the material should know exactly why it is not allowed: Freedom of expression within the lines of decency.","Some pictures looked as if they were part of a public service campaign.  I am thinking especially of the children/women with the hand over their mouths.  I labeled the pictures as abuse, but they shouldn't be removed if there is text to explain them.  For example, if a domestic abuse/child abuse prevention organization used one of these pictures in an awareness campaign (e.g., ""Don't be silenced.  This is wrong.  We can help.""), then the picture is needed.  I wanted more context for such pictures.

I would have preferred not to have the countdown clock for each picture.  I felt rushed to make a decision about the violation tag.  There were some pictures for which I wanted to take a closer look at the background to put the entire picture in context.  For example, there were silhouettes of men carrying guns.  Are they terrorists, or are they a group of hunters during deer season?"
1,"Some of the images made me feel sad because they displayed the many types of abuses that are in the world. ","I liked this task a lot. "
3,"Some of those images are shocking and don't make you feel too great about humanity.","None"
1,"I felt normal.","No"
3,"Upset. Very upset at the sight of the elderly abuse.  Just upset overall.  There is too much hate in this world.","That pic of what looks like a human burnt beyond recognition impaled on a pole and paraded around was a little hard to stomach.  Thank you for the opportunity."
1,"It made me feel a little bit sad and worried.","None other than what I’ve said above! "
3,"upset, lots of abuse and violence","no"
1,"empowered and had fun","show a bar on how much progress you've made"
4,"",""
4,"I didn't like the pictures, but I felt like I was contributing to something positive. ","No."
3,"A little dejected ","N/A"
1,"Nervous","No"
4,"Sad ","No"
3,"",""
2,"It made me sad to know that these things happen in the world we live in!","interesting to do, thank you"
2,"It made me a bit sad to see all these violent, hateful, and abusive pictures and knowing that all these things and situations do occur in the world","this was very interesting and very thought provoking. "
3,"No particular way. Only a couple of the images were actually disturbing.","No."
2,"some of it was weird ","no"
1,"It didn't make me feel any sort of way. Im accustomed to seeing these types of images because my friends have a sick sense of humor. ","I dont have any feedback other then the task was a lot shorter then I thought it was going to be."
1,"Sad, because some of these images were not offensive in and of themselves. Yet I am certain people would rather look the other way and have them removed as being so.","None."
4,"I tried to remain neutral throughout. Obviously, some images were terrible, but I remained objective. ","Thanks so much! "
3,"It made me feel sad that so may people have to experience so much bad. I feel guilty because I have not had to go through what these people have. I feel fortunate.","This study was much fun and very interesting. Thank you for this opportunity to participate. "
1,"It didn't really make me feel anything either way.  I'm not too easily offended or squeamish so it's not really an issue for me.","Enjoyable experience.  I'd be willing to do this type of HIT on a regular basis."
2,"I didn't feel any strong feelings either way.","The vast majority of images shouldn't be removed"
4,"It made me feel sad., but resolved the to try make Facebook a better place for people to engage each other.","no"
4,"It made me grateful for living in the US thats for sure. Also made me appreciate the people in my life more.","Thank you for sending me these. I love them! "
4,"This task made me feel grateful that my daughter is alive and healthy in Wisconsin and not in some place that could hurt her.  I am happy we are not in a warzone. Just so elated about my life right now! ","Its an eye opener to all the scary things going on in the world. I am grateful for my life. Makes me not want to ever complain about dumb things."
2,"it made me feel very overwhelmed with how much abuse goes on in this world.","none."
4,"No change. Didn't affect me.","Some were iffy on an abuse. 1 could have been BDSM."
2,"Disturbed at times","I just kind of wish there had been a way to explain my reasoning behind why I chose a tag. For instance, sometimes it looked like it could have been terrorism, but there is no way to tell."
1,"It was really tough to do. The content was often difficult to look at. In addition, I had a hard time distinguishing which category I should use for some of them. It was often difficult to determine if I thought it should definitely be removed or not.","I would provide more suggestions or examples for pictures that match the violation tag categories."
3,"Fine. ","None "
1,"It made me uncomfortable at first but once I got into a rhythm, it wasn't too bad.","This was fascinating."
2,"I felt like the pictures spoke volumes and raises awareness about abuse and terrorism and how prevalent it is on Facebook  ","I am very pleased with this survey and look forward to doing many more in the future . Thank you for the opportunity. "
2,"sad ","none so far"
2,"Good","none"
2,"It made me feel uneasy/uncomfortable. In particular, I was concerned about viewing images with gore, as they could appear unexpectedly at any time.","It would have been nice to know how many I had remaining (or how many I had completed), as there were a lot to tag."
3,"Some images disturbed me or made me sad.","Seemed that many images could have been classified using different violation tags."
4,"Like the thought police","A lot of these tags were ambiguous and most of them could have been applied to any of the pictures"
2,"A little disturbed for our world.","This was interesting."
2,"sad","no"
